stock,variable,year,mean,sd,lower,upper,status
Cynoglossidae,b_div_bmsy,2020,0.680143049279818,0.145427458939193,0.537485343113927,0.862992903540194,Overfished
Leiognathidae,b_div_bmsy,2020,0.553578205345381,0.141284025090199,0.439718596166911,0.696039377235314,Overfished
Lutjanidae,b_div_bmsy,2020,1.47981103523423,0.131845091835109,1.19432482036343,1.82241581072273,Underfished
Mullidae,b_div_bmsy,2020,1.21456859078972,0.153929025603308,0.94815524594309,1.55617016006743,Underfished
Polynemidae,b_div_bmsy,2020,0.694061783572135,0.229734759474145,0.48046282805559,1.0153555402937,Overfished
Serranidae,b_div_bmsy,2020,0.346764863830049,0.125169393301538,0.285999321373175,0.425549966844925,Overfished
Siganus spp,b_div_bmsy,2020,1.82241218620078,0.185981052474712,1.34317231391458,2.44678389614408,Underfished
Tenualosa ilisha,b_div_bmsy,2020,0.284289249802144,0.169157061221238,0.218342534791928,0.37237099948605,Overfished
Upeneus spp,b_div_bmsy,2020,0.873191167667018,0.216657325575487,0.620985414578201,1.23428482102038,Fully fished
